<?xml version="1.0"?> 
  <rss version="2.0"><channel> 
				<title>..:: MTs Al I`anah - Kosambi ::.. RSS</title> 
				<link>https://mts.alianah.sch.id/index.php</link> 
				<image>
				<url>https://mts.alianah.sch.id/index.php/logo/logo.png</url>
				<link></link>
				<width>100</width>
				<height>35</height>
				</image>
				<language>id-id</language><item>
                 <title>MTs AL-I`ANAH LAKSANAKAN ANBK 2024</title>
                 <link>https://mts.alianah.sch.id/index.php/berita-mts-alianah-laksanakan-anbk-2024.html</link>
                 <description>Rabu, 11 September 2024, MTs Al-I`anah Melaksanakan kegiatan Assesmen Nasional Berbasis Kaomputer (ANBK) Tahun 2024. Kegiatan ini berlangsung selama dua hari yakni hari Rabu dan Kamis. Tahun ini MTs Al-I&amp;#39;anah mencoba menggunakan moda Full Online pada pelaksanaan ANBK tersebut, setelah tahun-tahun sebelumnya mengguna moda semi online. Alhamdulillah pelaksanaan ANBK berjalan dengan tertib dan lancar. Adapun peserta yang mengikuti kegiatan ANBK&amp;nbsp;berjumlah 45 orang sebagai peserta ...</description>
                 </item><item>
                 <title>PPDB MTs AL-I`ANAH KOSAMBI TAHUN PELAJARAN 2024-2025</title>
                 <link>https://mts.alianah.sch.id/index.php/berita-ppdb-mts-alianah-kosambi-tahun-pelajaran-20242025.html</link>
                 <description>Assalamu`alaikum wa rohmatullahi wa barokaatuh

INFO PPDB
---------------------------------------

Bismillahirrohmanirrohim

Kepada Bapak/Ibu berikut kami sampaikan informasi perihal Penerimaan Peserta Didik Baru (PPDB) MTs Al-I`anah Kosambi Tahun Pelajaran 2024/2025.

&amp;nbsp;Adapun persyaratan yang harus disiapkan sebagai berikut :
1. Mengisi Formulir Pendaftaran secara online :
&amp;nbsp; &amp;nbsp; http://ppdb-mts.alianah.sch.id
2. Fotocopy Akta Kelahiran
3. Fotocopy Kartu ...</description>
                 </item><item>
                 <title>Silaturrahmi dan Pertemuan Orangtua Siswa Kelas VII MTs Al-I`anah Kosambi Tahun Pelajaran 2022-2023</title>
                 <link>https://mts.alianah.sch.id/index.php/berita-silaturrahmi-dan-pertemuan-orangtua-siswa-kelas-vii-mts-alianah-kosambi-tahun-pelajaran-20222023.html</link>
                 <description>Minggu pagi, 24 Juli 2022 Madrasah Tsanawiyah (MTs) Al-I`anah Kosambi mengundang orangtua siswa kelas VII Tahun Pelajaran 2022-2023 dalam rangka silaturrahmi dan pengajian umum dengan pembicara kH. Agus Fudholi, M.Pd. dari Pondok Pesantren Al-Maghfiroh Pundong Kabupaten Karawang.
Acara tersebut diawali dengan pembacaan Ratib, kemudian Pembacaan Ayat Suci Al-Qur&amp;#39;an dilanjutkan Sholawat serta sambutan pembina kesiswaan dan yayasan.
Dalam sambutannya pembina kesiswaan Nina Farhamna, S.Ag ...</description>
                 </item><item>
                 <title>Masa Ta`aruf Siswa Madrasah (MATSAMA) Tahun Pelajaran 2022-2023</title>
                 <link>https://mts.alianah.sch.id/index.php/berita-masa-taaruf-siswa-madrasah-matsama-tahun-pelajaran-20222023.html</link>
                 <description>Madrasah Tsanawiyah (MTs) Al-I`anah Kosambi menggelar Masa Ta&amp;#39;aruf Siswa Madrasah (MATSAMA) Tahun Pelajaran 2022-2023 pada Rabu - Sabtu, 13 s.d 16 Juli 2022.
MATSAMA hari pertama diawali dengan upacara pembukaan yang dilaksanakan di Lapangan Upacara. Sejumah 394 Siswa kelas 7 mengikuti MATSAMA.
Pembukaan kegiatan MATSAMA juga dihadiri oleh Kepala Madrasah Afifah Khairunnisa, S.Pd.I selaku pembina Upacara serta dihadiri oleh guru beserta Staff Tata Usaha.
Kepala Madrasah dalam ...</description>
                 </item><item>
                 <title>MTs Al-I`anah Gelar Pentas Seni dan Kenaikan Kelas</title>
                 <link>https://mts.alianah.sch.id/index.php/berita-mts-alianah-gelar-pentas-seni-dan-kenaikan-kelas.html</link>
                 <description>Dalam rangka kenaikan kelas 7 dan 8, Madrasah Tsanawiyah (MTs) Al-I`anah Kosambi menggelar acara Pentas Seni pada Senin, 27 Juni 2022.
Suasana kenaikan kelas MTs Al-I`anah begitu meriah dan penuh makna. Bertempat di halaman MTs Al-I`anah Kosambi.
Pentas seni digelar sebagai wujud mengembangkan kreatifitas siswa dan keberanian untuk tampil di muka umum.
Dalam sambutannya Kepala Madrasah Afifah Khairunnisa memberi penghargaan yang sebesar-besarnya kepada siswa-siswi yang telah menampilkan ...</description>
                 </item><item>
                 <title>Sosialisasi Perundungan (Bullying) MTs Al-I`anahKosambi</title>
                 <link>https://mts.alianah.sch.id/index.php/berita-sosialisasi-perundungan-bullying-mts-alianahkosambi.html</link>
                 <description>Perilaku bullying sebenarnya sudah sangat meluas di dunia pendidikan kita, tanpa kita sadari bentuk dan akibatnya.
Senin, 27 Juni 2022, Babinsa dan Babinkamtibmas memberikan sosialisasi tentang Perundungan (Bullying) di Madrasah Tsanawiyah (MTs) Al-I`anah Kosambi.
Bullying sendiri merupakan tindakan dimana satu orang atau lebih mencoba untuk menyakiti atau mengontrol oranglain dengan cara kekerasan. Dalam materinya Babinkamtibmas mengatakan, ada banyak jenis bullying. Bullying dalam bentuk ...</description>
                 </item><item>
                 <title>Pemilihan Ketua dan Wakil Ketua OSIS MTs AL-I`ANAH Kosambi</title>
                 <link>https://mts.alianah.sch.id/index.php/berita-pemilihan-ketua-dan-wakil-ketua-osis-mts-alianah-kosambi.html</link>
                 <description>Ditengah situasi Negara yang masih belum stabil terkait Pandemi Virus Corona atau yang sering dikenal Covid-19, MTs Al-I&amp;#39;anah selenggarakan Pemilihan Ketua dan Wakil Ketua OSIS Periode 2021-2022, pada Sabtu, 22 Mei 2021.
Pemungutan suara dilakukan dengan sistem langsung secara terbatas dengan tetap mematuhi protokol kesehatan Covid-19,&amp;nbsp;yang diikuti oleh 150 calon pemilih, yang terdiri dari Dewan Guru, Pengurus OSIS dan Perwakilan dari masing-masing kelas. Pemilih wajib ...</description>
                 </item><item>
                 <title>Selamat Datang di MTs Al I`anah</title>
                 <link>https://mts.alianah.sch.id/index.php/berita-selamat-datang-di-mts-al-ianah.html</link>
                 <description>Sebagai lembaga pendidikan, MTs Al-Ianah tanggap dengan perkembangan teknologi tersebut. Dengan dukungan SDM yang di miliki sekolah ini siap untuk berkompetisi dengan sekolah lain dalam pelayanan informasi publik. Teknologi Informasi Web khususnya, menjadi sarana bagi MTs Al-Ianah&amp;nbsp;untuk memberi pelayanan informasi secara cepat, jelas, dan akuntable. Dari layanan ini pula, sekolah siap menerima saran dari semua pihak yang akhirnya dapat menjawab Kebutuhan ...</description>
                 </item></channel></rss>